{
  "token_acc": 0.9980078514,
  "token_p": 0.9967350492,
  "token_r": 0.9957244934,
  "token_f": 0.9959492157,
  "tag_acc": 0.9538804351,
  "sents_p": 0.9652406417,
  "sents_r": 0.960106383,
  "sents_f": 0.9626666667,
  "dep_uas": 0.8722710163,
  "dep_las": 0.8132116308,
  "dep_las_per_type": {
    "root": {
      "p": 0.8686131387,
      "r": 0.8964218456,
      "f": 0.8822984245
    },
    "mark": {
      "p": 0.9101123596,
      "r": 0.9169811321,
      "f": 0.9135338346
    },
    "case": {
      "p": 0.9552294959,
      "r": 0.9520059993,
      "f": 0.9536150235
    },
    "nmod:tmod": {
      "p": 0.5,
      "r": 0.2268907563,
      "f": 0.3121387283
    },
    "amod": {
      "p": 0.8724662162,
      "r": 0.8798977853,
      "f": 0.8761662426
    },
    "nsubj": {
      "p": 0.8229665072,
      "r": 0.8151658768,
      "f": 0.819047619
    },
    "nmod": {
      "p": 0.7951114306,
      "r": 0.7897179579,
      "f": 0.7924055167
    },
    "aux": {
      "p": 0.9650092081,
      "r": 0.957952468,
      "f": 0.9614678899
    },
    "advcl": {
      "p": 0.5562913907,
      "r": 0.6315789474,
      "f": 0.5915492958
    },
    "obj": {
      "p": 0.8080357143,
      "r": 0.8360277136,
      "f": 0.8217934166
    },
    "det": {
      "p": 0.9451428571,
      "r": 0.9365798414,
      "f": 0.9408418658
    },
    "cc": {
      "p": 0.9290187891,
      "r": 0.9290187891,
      "f": 0.9290187891
    },
    "conj": {
      "p": 0.5463414634,
      "r": 0.5191193511,
      "f": 0.53238265
    },
    "nummod": {
      "p": 0.88125,
      "r": 0.8757763975,
      "f": 0.8785046729
    },
    "acl": {
      "p": 0.7514450867,
      "r": 0.6718346253,
      "f": 0.7094133697
    },
    "advmod": {
      "p": 0.8146214099,
      "r": 0.8232189974,
      "f": 0.8188976378
    },
    "obl": {
      "p": 0.6662971175,
      "r": 0.7626903553,
      "f": 0.7112426036
    },
    "expl:pass": {
      "p": 0.7826086957,
      "r": 0.6666666667,
      "f": 0.72
    },
    "nsubj:pass": {
      "p": 0.847826087,
      "r": 0.7134146341,
      "f": 0.7748344371
    },
    "fixed": {
      "p": 0.8659574468,
      "r": 0.8604651163,
      "f": 0.8632025451
    },
    "appos": {
      "p": 0.4886877828,
      "r": 0.4122137405,
      "f": 0.4472049689
    },
    "parataxis": {
      "p": 0.2631578947,
      "r": 0.2857142857,
      "f": 0.2739726027
    },
    "aux:pass": {
      "p": 0.9290780142,
      "r": 0.8733333333,
      "f": 0.9003436426
    },
    "nmod:agent": {
      "p": 0.0,
      "r": 0.0,
      "f": 0.0
    },
    "ccomp": {
      "p": 0.842519685,
      "r": 0.8294573643,
      "f": 0.8359375
    },
    "nmod:pmod": {
      "p": 0.0,
      "r": 0.0,
      "f": 0.0
    },
    "iobj": {
      "p": 0.7402597403,
      "r": 0.7037037037,
      "f": 0.7215189873
    },
    "flat": {
      "p": 0.75,
      "r": 0.7421052632,
      "f": 0.746031746
    },
    "cop": {
      "p": 0.8278688525,
      "r": 0.814516129,
      "f": 0.8211382114
    },
    "csubj": {
      "p": 0.8947368421,
      "r": 0.8095238095,
      "f": 0.85
    },
    "obl:agent": {
      "p": 0.0,
      "r": 0.0,
      "f": 0.0
    },
    "obl:pmod": {
      "p": 0.0,
      "r": 0.0,
      "f": 0.0
    },
    "xcomp": {
      "p": 0.2894736842,
      "r": 0.4074074074,
      "f": 0.3384615385
    },
    "expl": {
      "p": 0.6666666667,
      "r": 0.6666666667,
      "f": 0.6666666667
    },
    "expl:pv": {
      "p": 0.7179487179,
      "r": 0.8115942029,
      "f": 0.7619047619
    },
    "expl:poss": {
      "p": 0.9,
      "r": 0.8709677419,
      "f": 0.8852459016
    },
    "goeswith": {
      "p": 0.0,
      "r": 0.0,
      "f": 0.0
    },
    "dep": {
      "p": 0.0,
      "r": 0.0,
      "f": 0.0
    },
    "compound": {
      "p": 0.5,
      "r": 0.5714285714,
      "f": 0.5333333333
    },
    "orphan": {
      "p": 0.0,
      "r": 0.0,
      "f": 0.0
    },
    "expl:impers": {
      "p": 0.0,
      "r": 0.0,
      "f": 0.0
    },
    "ccomp:pmod": {
      "p": 0.0,
      "r": 0.0,
      "f": 0.0
    },
    "list": {
      "p": 0.0,
      "r": 0.0,
      "f": 0.0
    },
    "csubj:pass": {
      "p": 0.0,
      "r": 0.0,
      "f": 0.0
    },
    "cc:preconj": {
      "p": 1.0,
      "r": 1.0,
      "f": 1.0
    }
  },
  "lemma_acc": 0.94895476,
  "pos_acc": 0.927959067,
  "morph_acc": 0.9387515759,
  "morph_micro_p": 0.9817300179,
  "morph_micro_r": 0.9499945552,
  "morph_micro_f": 0.9632214113,
  "morph_per_feat": {
    "Case": {
      "p": 0.9860774045,
      "r": 0.9818135572,
      "f": 0.9839408616
    },
    "Gender": {
      "p": 0.9826296437,
      "r": 0.9688711089,
      "f": 0.9757018759
    },
    "Number": {
      "p": 0.9836456559,
      "r": 0.9123564732,
      "f": 0.9466608372
    },
    "Person": {
      "p": 0.9754529515,
      "r": 0.9835002946,
      "f": 0.9794600939
    },
    "PronType": {
      "p": 0.9937543373,
      "r": 0.9896337249,
      "f": 0.9916897507
    },
    "Polarity": {
      "p": 0.990228013,
      "r": 0.9967213115,
      "f": 0.9934640523
    },
    "AdpType": {
      "p": 0.998982706,
      "r": 0.9969543147,
      "f": 0.9979674797
    },
    "Definite": {
      "p": 0.9851469164,
      "r": 0.9685714286,
      "f": 0.9767888587
    },
    "Degree": {
      "p": 0.9379263302,
      "r": 0.9234385494,
      "f": 0.9306260575
    },
    "VerbForm": {
      "p": 0.9618169849,
      "r": 0.9714095745,
      "f": 0.9665894806
    },
    "Abbr": {
      "p": 0.9663461538,
      "r": 0.8973214286,
      "f": 0.9305555556
    },
    "Poss": {
      "p": 0.99756691,
      "r": 0.9879518072,
      "f": 0.9927360775
    },
    "NumForm": {
      "p": 0.9789915966,
      "r": 0.3209366391,
      "f": 0.4834024896
    },
    "NumType": {
      "p": 0.9833333333,
      "r": 0.3241758242,
      "f": 0.4876033058
    },
    "Reflex": {
      "p": 1.0,
      "r": 0.9935897436,
      "f": 0.9967845659
    },
    "Strength": {
      "p": 0.984,
      "r": 0.9761904762,
      "f": 0.9800796813
    },
    "Mood": {
      "p": 0.9313380282,
      "r": 0.9706422018,
      "f": 0.9505840072
    },
    "Tense": {
      "p": 0.9418439716,
      "r": 0.9651162791,
      "f": 0.9533381192
    },
    "Variant": {
      "p": 0.9865771812,
      "r": 0.9483870968,
      "f": 0.9671052632
    },
    "Position": {
      "p": 1.0,
      "r": 0.9910714286,
      "f": 0.9955156951
    },
    "Number[psor]": {
      "p": 0.9655172414,
      "r": 0.9333333333,
      "f": 0.9491525424
    },
    "PartType": {
      "p": 1.0,
      "r": 0.9459459459,
      "f": 0.9722222222
    },
    "Foreign": {
      "p": 0.0,
      "r": 0.0,
      "f": 0.0
    }
  },
  "ents_p": 0.7270216963,
  "ents_r": 0.7080291971,
  "ents_f": 0.7173997664,
  "ents_per_type": {
    "DATETIME": {
      "p": 0.7872340426,
      "r": 0.7735191638,
      "f": 0.7803163445
    },
    "ORGANIZATION": {
      "p": 0.6603174603,
      "r": 0.6624203822,
      "f": 0.6613672496
    },
    "FACILITY": {
      "p": 0.4411764706,
      "r": 0.3435114504,
      "f": 0.3862660944
    },
    "NUMERIC_VALUE": {
      "p": 0.8966942149,
      "r": 0.9194915254,
      "f": 0.9079497908
    },
    "ORDINAL": {
      "p": 0.8571428571,
      "r": 0.8727272727,
      "f": 0.8648648649
    },
    "EVENT": {
      "p": 0.5294117647,
      "r": 0.4864864865,
      "f": 0.5070422535
    },
    "GPE": {
      "p": 0.8107526882,
      "r": 0.8666666667,
      "f": 0.8377777778
    },
    "PERSON": {
      "p": 0.6721581549,
      "r": 0.6845637584,
      "f": 0.6783042394
    },
    "NAT_REL_POL": {
      "p": 0.890625,
      "r": 0.76,
      "f": 0.8201438849
    },
    "MONEY": {
      "p": 0.8846153846,
      "r": 0.7931034483,
      "f": 0.8363636364
    },
    "PRODUCT": {
      "p": 0.4752475248,
      "r": 0.3503649635,
      "f": 0.4033613445
    },
    "LOC": {
      "p": 0.4328358209,
      "r": 0.3815789474,
      "f": 0.4055944056
    },
    "WORK_OF_ART": {
      "p": 0.2307692308,